<?xml version="1.0" encoding="utf-8" ?>

<component name="InfoScreen" extends="Group" >
  <interface>
    <field id="backNode" type="node" />
  </interface>

  <script type="text/brightscript" uri="./InfoScreen.brs" />
  <script type="text/brightscript" uri="pkg:/components/nodeUtils.brs" />
  <script type="text/brightscript" uri="pkg:/source/generalUtils.brs" />
  
  <children>
    <Poster uri="pkg:/images/epg_background.jpg" width="1280" height="720" opacity="0" />
    <Rectangle id="background" width="1280" height="720" color="0x000000d6" />
    <Poster uri="pkg:/images/info_epg.png" width="1280" height="720" />
    <Label id="version" color="0xffffff" translation="[50, 680]" font="font:SmallestBoldSystemFont" />
    <ScrollingLabel id="ppLabel" translation="[800, 680]" maxwidth="450" font="font:SmallestSystemFont" />
    <Poster id="frame" uri="pkg:/images/frame.9.png" blendColor="#FFC02A" translation="[800, 100]" width="450" height="570" >
      <Label id="helpText" font="font:SmallestSystemFont" horizAlign="left" wrap="true" translation="[20, 20]" width="410" />
    </Poster>
  </children>
</component>
